id_img,predicted_label
10052,4
10065,2
10079,0
10095,0
10121,0
10148,0
10163,5
10215,5
1024,0
10286,0
10315,0
10336,3
10338,2
10371,0
10382,0
10399,2
10415,4
10426,0
10551,5
10554,0
10583,4
10699,0
10702,4
1071,0
10743,0
10746,5
10818,0
10823,4
10825,0
10839,0
10854,0
10970,4
11002,4
11017,5
11024,0
11028,5
1106,4
11075,0
11093,3
11096,2
11158,4
11169,3
11186,0
11188,0
11200,5
1124,0
11266,4
1127,2
11337,0
11342,0
11400,0
11421,0
11467,0
11561,4
11610,0
11613,0
11632,0
11642,4
11675,5
11694,0
1177,0
11813,0
11841,0
11849,0
11883,6
11949,0
11964,0
11986,0
12136,4
12144,3
1215,4
12171,5
12183,6
12230,0
12237,4
12307,5
1235,0
12352,6
12489,5
12680,0
12695,0
12733,2
12808,0
12810,0
12841,1
12842,0
12851,0
12928,5
12945,5
13029,0
13041,0
13057,6
13059,0
13092,4
13118,0
13167,0
13220,0
13267,2
13279,4
13334,5
13351,5
13376,4
13395,0
1340,0
13431,4
1350,4
13514,5
13533,4
13535,0
1358,5
13582,2
13599,5
13607,0
13671,4
13672,0
13738,0
13758,4
1386,6
13890,4
13978,2
14022,0
14030,2
14058,4
14108,0
14118,3
14120,5
14148,5
14185,5
14206,0
1422,5
14243,0
14315,0
14329,0
14357,0
14376,0
1438,4
14381,5
14421,0
14438,5
14498,0
14557,4
1460,0
14706,3
1477,6
14775,4
14821,5
14831,0
14870,0
14945,4
15074,0
1508,4
15138,0
15172,5
15190,4
15194,0
15217,0
15222,0
15295,5
15474,2
15500,0
15502,4
1555,4
15562,0
15637,3
15644,4
15654,5
15699,4
157,0
15709,0
15712,0
15715,2
15725,0
1575,0
15771,1
1582,4
15820,5
15821,4
15835,0
1584,0
15848,0
15897,4
15919,0
15941,0
15954,5
15979,0
16033,4
16102,5
16169,2
16222,2
16233,5
16287,0
16292,0
16380,0
16406,0
16410,0
16413,4
16428,4
16506,6
16510,2
16557,5
16565,4
16643,5
16659,2
16681,4
16711,3
1672,0
16764,2
16768,0
16783,4
16792,0
16875,0
16999,0
17024,0
17053,4
17085,5
17099,0
17167,0
1717,0
17170,4
17186,0
17209,3
17211,3
17228,5
17259,5
17316,5
17344,0
1736,5
17371,0
17413,5
17428,5
17445,5
17452,0
17502,5
17536,0
17647,0
17700,0
17705,0
17731,0
17735,3
17736,0
17752,5
17787,5
17910,0
17939,0
18001,5
18050,0
18140,0
18142,6
18161,6
18166,6
18183,0
18200,0
18247,5
1825,5
18254,5
18284,0
18376,0
18380,3
1841,0
18415,0
18445,0
18459,5
18466,0
18492,0
18534,0
18565,0
18566,0
18588,0
18593,2
18602,0
18617,4
18633,0
18695,2
18715,0
18779,0
1880,0
18810,0
18837,0
18882,0
18903,5
18949,5
18983,0
1899,0
18994,0
19014,3
19060,4
19067,4
1908,0
19093,0
19108,2
19114,4
19115,0
19140,4
19152,0
19268,0
19292,4
19309,5
19392,5
19476,0
19477,5
19485,5
1966,0
19664,4
19732,0
19811,5
1983,2
19832,0
19877,5
19906,5
19923,0
1994,3
19950,4
19961,3
2006,0
20222,0
20227,4
20287,6
20290,0
20298,6
20303,5
20312,0
20328,3
20353,0
20374,5
20451,4
2050,0
20505,5
20532,2
2055,0
20629,0
20630,4
20635,0
20640,0
20653,0
20673,0
20686,0
20736,0
20739,0
20796,0
20817,6
20849,4
21068,0
21099,5
21111,0
21131,0
21135,0
21161,0
2117,6
21173,0
21284,4
21371,5
21374,3
2142,4
21447,6
21472,0
21511,5
21512,3
21520,6
21541,4
21573,5
21670,5
21703,0
21723,3
21782,0
21836,0
21865,0
21916,0
21921,5
21922,5
2194,0
22089,0
22183,4
22184,0
22198,5
2225,5
22309,5
22334,5
22375,5
22516,0
22695,0
22733,0
22739,3
22789,4
22807,4
22810,0
22832,3
2290,2
22990,0
23,3
23008,5
23041,4
23059,0
23085,0
23164,4
23194,0
23215,4
23230,3
23246,0
23327,3
23404,2
23468,3
23473,0
23488,0
23521,5
23532,0
23749,4
23780,0
23783,0
23814,0
23847,4
23886,1
24067,0
2407,4
24071,0
24176,1
24184,0
24252,0
24378,5
24412,5
24428,0
24435,3
24437,5
24441,4
24466,3
24490,0
245,0
24501,5
24542,5
24660,5
24678,0
24711,0
24789,0
24797,0
24819,0
24821,3
2484,0
2486,5
2487,0
24886,4
249,4
24959,6
24967,2
2498,0
24992,0
25082,5
25088,0
251,4
25101,2
2511,3
25131,2
25144,0
25209,0
25255,4
25343,5
25360,4
25435,0
25528,0
25542,3
2557,0
2558,0
25612,0
25681,4
25688,5
25778,3
25795,4
2581,4
25811,0
25813,0
25844,0
25874,0
25876,0
25886,0
25891,4
259,5
25944,0
25973,4
26025,0
26038,0
26059,0
26121,4
26124,5
26137,3
26163,3
26175,2
26177,0
26181,4
26185,0
26248,5
26264,2
26267,5
26337,0
26344,0
26437,4
26446,0
26462,4
26572,2
26597,3
26618,2
26620,0
2668,0
26725,0
26789,5
26845,4
26860,2
26886,0
26899,0
26900,0
26919,0
26928,0
26956,0
27016,0
27022,0
27054,3
2709,4
2712,5
27284,0
27296,0
27385,0
27413,4
27464,0
27483,4
27544,0
2762,0
27652,0
2770,0
27704,5
27715,6
27726,4
27744,4
27770,0
27777,3
27798,0
27828,0
2791,0
27967,5
27982,0
28015,4
28058,0
28062,4
28120,3
28144,6
28148,0
28149,4
28207,0
28248,0
28288,0
28300,0
28401,3
28438,3
28498,4
28509,0
28543,4
28547,0
28560,0
28585,0
28614,0
28618,0
28620,4
28660,0
28707,6
28720,0
28731,5
28737,6
28743,0
28749,0
28800,6
28840,0
28867,0
28884,5
2890,5
28932,5
28952,0
29085,0
29119,0
29132,5
29202,3
29266,0
29319,4
2933,2
29414,5
29471,0
29477,4
29493,0
29523,0
29527,5
29554,0
29571,0
29581,0
29588,0
29614,3
29669,2
29685,0
29730,0
298,0
29818,0
29866,0
29929,5
29931,6
29947,0
29977,5
29980,0
30002,5
30004,4
30015,3
30024,0
30058,0
30059,4
30082,0
30085,5
30171,0
3021,0
30260,4
30273,5
30290,4
30305,0
30320,4
30325,3
30394,0
30415,0
30420,0
30456,5
30458,4
30460,0
30490,4
30509,0
30535,0
30563,0
30584,6
30619,3
30901,0
30933,0
30944,3
3099,3
31033,0
31042,0
31081,4
31083,4
31138,3
31142,3
31203,0
3121,0
3137,0
31491,0
31529,0
31544,2
31609,0
31635,4
31693,5
31703,0
3176,5
31849,6
3186,0
31873,0
3188,3
31928,3
32023,0
32024,0
32153,3
32161,4
32223,5
32231,0
3226,0
32278,1
32281,4
32298,0
32336,4
32352,5
32367,2
32454,6
32464,5
32473,0
3248,0
32481,6
32506,3
32512,0
32575,5
32584,0
32617,2
32662,3
32755,0
32777,0
33015,5
3303,2
33105,0
33131,6
33221,5
3327,5
33301,3
33308,3
3334,5
33352,0
33444,5
33450,0
33459,0
33494,0
33560,3
33573,4
33633,0
33666,4
3370,3
33729,0
3377,5
338,0
33809,0
33829,0
33890,4
33924,3
33926,0
3393,5
33935,2
33977,3
33987,5
33998,0
34036,0
34040,4
3412,0
34138,0
34151,0
34175,3
34178,0
34184,0
34238,0
34259,3
34352,5
34359,2
34363,0
34448,5
34474,4
3449,5
34507,5
34581,0
34592,0
34596,5
34620,0
3467,0
34714,5
34778,0
34879,6
35009,0
35010,5
35028,0
35041,0
35059,0
35145,5
35149,6
35162,5
35210,0
3522,4
35261,3
35298,3
35407,0
35425,0
35439,5
35447,5
35514,0
3558,2
3564,0
35669,5
35681,0
35682,0
35731,5
35753,5
35805,0
35809,0
35820,0
35828,2
35881,0
35884,5
3599,5
3632,0
377,5
38,0
3802,0
3819,5
3839,5
3862,4
3870,4
3913,5
4015,0
404,2
4060,4
4077,0
4100,2
4196,5
4229,3
4306,0
4317,4
4324,0
4349,0
4384,0
4396,2
4397,5
4459,5
4468,0
4502,0
4579,0
4616,0
4637,4
4660,5
4665,0
4670,5
4700,4
4751,2
4807,2
4878,5
4937,5
5010,2
5060,4
5064,4
521,5
5220,0
5233,0
5244,0
5259,6
5312,5
5317,4
5400,0
5422,6
5432,0
5434,4
5459,2
5519,0
5564,0
5570,0
5582,0
5607,5
5610,4
5637,0
5732,0
5739,4
5780,0
5810,0
5822,0
5859,3
5883,5
5888,5
589,6
5902,3
5962,0
6009,0
6017,0
6075,0
608,5
6088,0
6119,0
6129,0
6155,4
6225,6
6232,5
624,5
6274,0
6278,0
6283,0
6321,4
633,5
6347,0
6364,0
6365,5
6375,0
6390,2
6420,0
6426,5
6471,0
6484,0
65,3
654,3
6547,0
6555,3
6561,0
6566,5
6580,0
6581,0
6584,6
6618,0
6621,5
665,4
6652,3
6726,0
6739,4
6745,4
676,6
6766,0
6809,2
6890,0
6923,0
6955,0
6965,0
7015,0
7056,0
7103,2
7136,2
7174,0
7219,4
7257,0
7261,4
727,5
7284,0
7291,5
7409,0
7492,5
7550,2
7559,4
7589,0
764,4
7655,0
7668,0
7729,0
7777,0
7793,0
7811,5
7886,4
7919,5
7937,5
7979,0
8000,0
8001,0
8052,0
8096,0
8103,4
8130,0
8151,0
816,3
8267,4
8275,0
8299,0
8402,4
842,0
854,0
8555,4
8581,4
8593,0
861,0
8661,2
8685,0
8719,5
8734,3
8902,0
8916,3
8969,0
9012,0
9059,5
9100,0
9156,6
9266,6
9293,2
9331,0
9400,2
9567,5
9615,0
966,0
9691,5
9698,4
9715,0
9748,0
9785,0
9802,0
9811,4
9862,4
9884,5
9931,0
10053,1
10435,1
10532,0
1115,1
11222,1
11529,1
11639,1
12417,1
12753,1
13372,0
13597,0
13652,1
13847,0
14041,4
14869,5
14954,4
14958,0
15110,0
16021,3
16054,1
16121,1
16264,0
16718,1
17260,0
18077,4
1843,2
18464,1
18716,5
19649,2
19734,1
19770,1
19801,1
19831,1
20761,2
21744,0
21765,1
21851,1
22320,1
2275,2
23141,1
23153,2
23665,1
23876,5
24578,4
25267,0
25538,4
25541,5
26859,3
2732,5
2742,1
28332,0
28390,6
28710,1
28987,1
29158,1
29269,1
30347,5
30428,1
30499,0
30601,0
30719,1
30761,1
30907,1
3101,0
31232,0
31323,4
31796,0
31828,0
32487,2
32681,1
33209,0
33284,1
33561,1
33670,1
33995,1
34022,0
34432,1
34505,0
34519,3
3521,2
35376,1
35580,1
3690,2
3778,1
4002,5
4004,5
4265,0
4312,0
4481,2
4737,5
5085,0
533,2
573,1
6231,0
6926,1
7068,1
7192,0
7405,2
7455,1
7592,1
7835,1
807,4
8415,3
8585,1
8726,0
8893,1
8948,0
9043,0
9297,1
9460,1
9504,0
10029,2
10043,3
10044,3
1008,2
10099,2
101,6
10189,3
10263,0
10267,0
10278,0
10292,0
10355,2
10409,3
10437,2
10443,5
10445,4
10458,4
10489,6
10493,6
10534,6
1075,5
10758,5
1079,5
10797,6
10832,4
10933,0
10944,6
10968,4
10979,2
11030,0
11036,0
11039,4
11054,4
11057,4
11104,5
11112,2
11137,6
11143,5
11146,2
1116,0
1128,6
1133,5
11353,2
11360,3
1137,4
11381,3
11412,0
11416,5
11471,0
11536,4
1154,4
11559,6
11587,5
11653,2
11682,2
11687,4
1169,4
11704,6
11706,4
11727,5
11729,5
11747,4
11754,4
11774,2
11816,2
11855,0
11904,2
1193,6
11944,6
11968,6
11999,5
12063,0
12125,5
12255,5
12259,3
12313,2
12334,0
12350,6
12383,3
12431,4
12440,4
12472,4
12496,5
12527,2
12578,3
12592,2
12634,0
12674,0
12676,0
12698,6
12712,2
12737,6
12809,5
12891,0
12948,6
12986,2
12988,5
13067,4
13071,4
131,6
13114,5
13121,3
13152,2
13179,2
13233,5
1325,4
13250,0
13252,3
13301,6
13306,0
13308,2
13310,0
13362,5
13394,4
13405,5
1343,0
13482,2
13486,5
13518,2
13549,6
13561,6
13585,0
13587,2
13593,5
13596,2
13638,5
13664,6
1367,2
13683,5
13694,6
13798,2
13855,4
1389,5
13899,4
13913,5
13921,5
13928,6
13933,4
13939,2
13965,0
13971,3
1401,4
14011,2
14033,4
14037,4
14044,5
14057,3
14082,2
1410,6
14114,0
14117,0
14268,2
1429,2
14306,0
1441,5
14444,4
14452,2
14509,2
14529,0
14551,4
14605,5
14620,0
14637,2
1465,0
14722,5
1474,5
14744,3
14747,4
14786,2
14789,2
148,0
1485,2
14891,2
14987,5
15001,4
15012,0
15040,0
1506,4
15088,5
15134,2
15191,5
15198,2
15260,2
15268,5
15279,5
15280,0
1534,0
15503,3
15539,4
15544,6
15578,5
15615,6
15622,0
15663,4
15668,5
15678,0
1576,4
15778,6
15859,0
15870,5
15881,6
15921,6
15950,0
15984,2
1599,4
15999,0
16039,2
1606,5
16071,2
16113,4
16134,2
16226,5
16277,6
16318,2
16330,6
16346,2
16374,6
16395,5
16429,0
16440,6
16450,6
16486,2
16489,0
16501,4
16503,5
16523,4
16539,5
1654,2
16559,4
1657,2
1660,2
16609,5
16632,0
16674,6
16775,6
16788,2
16802,2
16811,4
16830,0
16915,5
16930,2
16954,5
16977,4
16990,5
17105,5
17107,0
17114,2
17180,2
17191,2
17213,5
17217,6
1722,6
17236,2
1727,0
17314,2
17334,5
17369,5
17449,0
17479,0
17503,5
17550,5
17558,5
1756,2
17587,5
17631,0
17668,2
17685,2
17707,5
17710,2
17762,3
17816,0
17831,4
17834,3
17901,2
17930,2
17932,5
17934,5
1796,5
1799,4
18006,5
18010,2
18068,4
18073,2
18104,2
18106,0
18108,6
18117,0
18148,5
18203,0
18291,0
18299,3
18309,6
18317,2
18325,0
18336,2
18364,4
1838,2
18404,2
18513,0
18517,3
18523,4
18527,6
18542,2
18569,0
1857,5
18574,2
18641,0
18713,4
1873,6
18753,5
18757,2
18763,4
18905,2
18908,2
18911,6
18960,2
18974,0
18976,2
18984,5
19000,5
19020,2
19064,4
19089,0
19119,5
19188,5
19216,4
19226,4
19235,6
19252,3
1929,2
19349,0
1939,4
19454,2
19473,1
19497,4
19559,0
19599,1
19612,4
19644,6
19682,4
19740,6
19754,5
19810,0
19841,2
1986,6
19888,0
19896,0
19897,0
19995,2
200,5
20037,6
20058,3
20062,2
20083,2
20135,5
20194,2
20214,5
20265,3
20337,4
20411,4
20424,0
20450,6
20461,2
2047,5
20476,2
20495,5
20508,6
20526,2
20579,2
20598,0
20617,4
20715,4
20831,5
20843,2
20851,5
20897,3
20970,5
2098,5
21,2
21070,2
21101,0
21102,2
21227,2
21230,5
21250,2
21269,3
21280,3
21352,4
21360,2
21387,5
21420,2
21464,5
21499,2
21500,2
21556,4
21559,6
21598,2
21615,5
21654,0
21686,0
21697,3
2178,6
21833,6
21858,3
21877,5
21946,6
21967,2
22050,6
22074,0
22102,2
22130,2
22166,6
2226,2
22326,6
22349,5
224,6
22458,0
22485,5
22520,6
22607,6
22640,5
22662,2
22756,4
22791,0
22827,2
22839,6
22840,6
22917,4
22944,0
22988,5
22997,4
23038,5
23083,5
23100,6
23126,2
23142,5
23184,3
23192,5
23209,6
23260,2
23305,6
23332,5
23362,5
23368,6
23389,2
23403,5
23427,4
23447,0
23463,0
23477,0
23517,6
23540,6
23561,2
23566,3
2357,0
23718,6
23731,5
23767,2
23778,5
2378,2
23791,4
2391,0
24016,5
24035,5
24088,2
24089,2
24131,4
2416,5
24165,5
24185,3
24213,2
24220,4
2426,6
24452,6
24479,5
24482,2
24539,4
24554,3
24562,6
24579,3
24621,2
24625,3
24694,0
24721,5
24753,2
24763,6
24778,3
24822,5
24880,5
24948,6
24963,5
24978,5
24991,5
25045,2
25046,2
25061,0
25074,6
25108,6
25109,5
25133,2
25162,2
25191,4
25202,3
25220,2
25242,2
25247,5
25298,3
25306,4
25327,5
25359,5
25439,5
25481,5
25496,4
25555,2
25570,6
25577,5
25590,5
25605,2
25621,2
25638,2
25647,2
25710,2
258,5
25820,2
25914,4
2592,4
2593,5
26082,4
26091,3
26097,5
26131,6
26210,5
26250,2
26275,3
26283,5
26363,0
26377,2
26385,1
26394,2
264,2
26402,0
26409,6
2641,2
26454,0
26469,6
2651,2
2657,6
26582,3
26726,5
2681,0
26842,0
26895,3
26916,6
26927,0
26973,2
26980,5
270,2
27006,0
27077,5
27094,4
27098,2
27103,0
27145,0
27300,6
27308,4
27359,2
27363,2
27369,5
27488,2
27503,0
27509,2
27591,2
27635,5
27709,5
27764,5
27772,5
27806,5
27846,2
27868,2
27889,2
2789,5
27899,3
27910,0
27937,2
28050,0
28101,0
28189,5
28210,5
28243,2
28267,2
28308,5
28331,0
28417,2
28453,6
28503,6
28515,2
28548,6
2858,5
2860,4
28627,2
28701,4
28704,2
28724,6
28729,0
28734,4
28859,5
29005,3
29026,2
29027,5
29043,6
2906,0
29068,0
29126,0
29152,5
29219,2
2927,4
29284,3
29285,1
29291,3
29315,0
29327,5
29349,6
29389,2
29478,4
29528,2
29536,4
29603,3
29629,4
29674,0
297,3
29701,2
29709,2
29713,6
29720,4
29731,0
29733,5
29735,5
29738,4
29795,3
29869,5
2987,0
29871,5
2988,6
29892,5
29912,5
29924,0
29990,2
3000,6
30062,3
30074,5
30196,2
30206,5
30237,2
30253,5
30316,6
30333,2
3036,5
30482,2
30564,6
3057,2
30594,6
30638,5
30735,0
30774,0
30798,5
3087,5
30936,0
31007,4
31105,0
31107,3
31116,2
3112,2
31130,4
31157,2
31159,6
31188,2
3124,2
31286,2
31330,4
31341,5
31357,6
31375,0
31395,5
31398,0
314,2
31421,5
31461,2
31526,5
31535,3
31569,2
31625,3
31638,4
31655,2
3170,6
31738,5
31782,2
31821,2
31855,2
31860,2
31866,3
31903,2
31916,2
31940,5
31954,2
31973,5
31979,4
32076,4
32097,2
32103,6
32180,5
32279,2
32323,6
32349,2
32351,0
32438,4
32461,6
32463,4
32485,5
32507,5
32551,2
32569,6
32619,4
32623,0
32642,5
32682,4
32688,5
3269,6
32692,5
32696,5
32758,2
32766,5
32799,2
32829,5
32876,4
32879,5
32889,0
32931,0
32940,6
32941,4
32946,5
3296,0
3297,5
32996,4
33007,0
33051,2
33097,2
3314,5
33215,2
33258,5
33299,2
33358,0
33390,0
33410,0
33419,6
33440,6
33490,4
33519,1
33535,5
33548,2
33559,4
33587,2
33608,5
33617,2
33644,3
33673,6
33674,4
33701,4
33718,2
33806,0
33855,5
3391,2
33919,2
33940,2
340,2
3402,4
34024,2
34063,5
3409,2
34097,2
341,3
34100,6
34117,4
34120,5
34143,0
34201,2
34277,5
34325,2
34356,0
34382,2
34396,2
34415,0
34462,2
34465,1
34522,3
34545,4
34613,4
34656,2
34659,0
34675,2
3472,4
34730,2
34755,6
34878,6
34897,4
34968,2
34972,2
35022,2
35120,2
35151,6
35202,0
35207,2
35230,6
35238,6
35250,2
35257,5
35279,5
35322,5
35334,3
35362,2
35363,2
35394,2
35410,5
35427,5
35453,2
35541,2
35592,2
35629,2
3565,6
35697,6
35709,0
3584,6
35851,4
3601,6
3645,5
365,0
3709,2
3714,4
3719,2
3722,6
3736,4
3739,2
3742,4
3783,4
3785,4
3836,5
3837,5
3985,2
4033,6
4040,2
4064,2
4098,3
414,2
418,5
4200,6
4217,5
4234,4
4296,5
4308,2
4316,6
4340,6
4411,2
4453,2
4516,0
452,3
4523,2
454,5
4540,4
4547,0
460,2
4650,6
4821,3
483,5
4858,6
4901,4
4917,3
4975,6
4979,5
4986,2
500,2
5023,4
504,5
507,6
5074,4
5097,5
5117,0
5184,5
5222,6
5253,6
5263,2
5283,2
5360,5
538,5
546,5
5472,5
5514,6
5567,4
5622,2
5638,5
5654,5
5717,0
5736,6
5809,6
5858,5
5957,0
5961,5
5989,3
5992,2
6035,5
6037,2
6054,5
6059,4
6062,0
6064,2
6091,2
6106,4
6152,3
6153,0
6176,0
6179,2
6214,6
6311,1
6345,4
6346,3
6366,6
6469,3
6495,2
6515,0
6608,2
6732,0
6747,2
6808,2
6814,3
6876,5
689,2
6902,2
6909,2
6973,2
6988,2
7027,5
7038,2
7102,4
712,5
7129,6
7146,5
7150,0
7158,2
7182,2
7270,5
7271,5
729,5
73,2
7302,6
7305,2
7350,4
7394,4
741,4
7517,2
7542,2
7580,4
7681,6
7684,4
7748,2
7749,2
7756,2
7786,2
7819,5
7846,4
7875,3
7894,5
794,4
7980,6
8035,2
8040,2
8043,5
8067,0
8119,2
8163,4
8177,3
8178,2
8239,6
8350,2
8433,4
8454,5
8474,0
8481,5
85,4
8556,0
859,3
8611,4
8637,2
8645,6
8672,5
872,5
8754,4
8795,3
8797,4
8818,6
886,0
9037,6
9040,0
9101,2
911,0
9179,4
9205,2
9232,4
9251,2
9261,4
9281,5
9302,5
9333,5
9369,6
9370,0
9474,5
949,5
9602,0
9606,2
9842,0
9898,0
10019,3
10023,5
10074,3
10096,3
10106,3
10126,3
10138,3
10141,6
1020,3
10218,3
10237,3
10248,3
10257,3
1027,3
10273,4
10276,3
10312,3
10317,3
10344,3
10362,3
10367,3
10370,3
10432,3
10456,6
10467,3
10468,2
10480,3
10528,3
10540,3
10552,3
1056,2
10571,6
1058,3
10622,3
10638,4
10640,3
10644,3
10647,5
10683,3
10703,3
1074,3
10770,5
10773,3
10792,2
1081,3
10811,3
10841,3
10879,3
10903,3
10935,3
10956,3
10992,3
11019,3
1111,3
11150,3
11208,3
1121,3
11236,3
1130,0
11345,3
11349,3
11392,3
1141,3
11500,3
11508,0
11516,3
1152,3
11530,3
11549,3
11552,3
11558,3
11573,3
11575,3
11588,4
1159,2
11594,3
11604,3
11614,3
11637,3
11646,3
11658,3
11717,3
11733,3
11763,3
11766,3
11772,3
11785,3
11793,3
11808,3
11814,3
11819,3
11835,6
11842,3
11850,3
11885,3
11927,3
12011,3
1202,3
12024,3
12098,3
12120,3
12129,4
12141,3
12191,3
12239,3
12257,3
12284,3
12321,3
12329,3
12349,3
12359,3
12376,3
12379,4
12381,6
12410,3
1246,3
12487,3
12492,5
12497,6
12557,3
12560,3
12581,3
12600,3
12611,3
12672,3
12705,0
12725,3
12729,3
12772,3
12776,3
12789,3
12861,3
12904,3
12936,3
12951,3
12956,3
12957,3
13037,6
13073,3
1309,3
13105,3
13108,5
13127,4
13139,3
13151,3
1316,3
13204,3
13228,3
13283,3
13317,0
13322,3
1334,0
13348,2
13353,3
13363,3
13366,3
13385,0
1341,3
13427,3
13428,3
13449,3
13456,3
13476,3
13502,3
13526,3
13528,3
13570,3
13584,3
13590,3
13615,4
13618,3
13655,3
13703,3
13706,3
13715,3
13757,3
13761,4
13792,3
13802,3
1381,3
13833,3
13848,3
13874,3
13877,3
139,3
13911,3
13912,6
13925,3
1395,2
13955,3
13968,6
13969,3
13991,2
14063,3
14092,3
141,3
14139,3
14152,3
14155,5
14169,3
14236,3
14278,3
14282,3
14292,3
14310,3
14314,3
14327,2
14348,3
14360,3
14371,3
14378,3
14419,3
14427,3
14448,3
14473,3
14475,3
14516,3
14517,0
14518,4
14546,3
14586,3
14593,3
14611,3
14700,3
14730,3
14757,3
14759,5
14792,3
14877,3
1491,3
14965,3
14973,4
15039,3
15060,3
15077,3
15099,3
1512,3
15147,3
15181,3
15212,3
15216,0
15221,3
15229,3
15257,3
15269,0
15271,3
15292,3
15310,3
15323,3
15331,3
15335,3
1538,3
15397,3
15400,0
15409,3
15426,3
15432,3
15438,3
15443,3
15455,4
15494,3
15520,4
15523,6
15589,3
15616,3
15621,3
15677,3
15708,3
15758,3
15767,3
15791,6
15843,3
15854,3
15885,5
15910,6
15966,3
15976,3
15983,4
16037,0
16042,3
16064,3
16076,3
16081,3
16106,4
16108,3
16120,3
16141,3
16192,3
16198,3
16238,3
16275,3
1628,3
16308,3
16370,3
16375,3
1640,3
16407,5
16423,3
16444,3
16460,4
16511,4
16550,3
16562,3
16583,3
16588,3
16596,4
16604,3
16611,3
16619,3
16633,3
16649,3
16667,3
16699,3
167,3
1670,3
16700,3
16712,3
16734,3
16738,3
16751,0
16752,5
16759,0
16770,3
16795,3
16799,3
16809,3
16818,3
16952,3
16967,3
16971,3
1699,3
17002,6
17007,3
17010,6
17021,0
17022,3
17032,3
1704,5
17041,3
1707,3
17098,3
17104,5
17117,3
17188,3
17194,3
17207,3
17220,3
17319,3
17367,4
17381,3
17397,3
17402,3
17447,3
17462,4
17470,6
17484,3
17485,3
17494,3
17498,3
17506,3
17524,3
17541,3
17543,3
17552,3
17609,3
17624,3
17654,3
1768,3
17682,3
17684,3
17692,3
17694,3
17698,3
1770,3
17715,3
17772,3
17799,3
17802,4
17821,3
1787,2
17904,3
1793,3
17936,3
18016,3
18018,3
18025,3
18033,3
18037,3
18080,3
18082,3
1815,3
18165,3
18173,3
18205,3
18226,3
18237,3
18245,3
18249,5
18250,3
18256,3
18259,6
18297,3
18308,3
18383,3
18405,3
18424,5
18425,3
18442,3
18443,3
18471,3
18476,3
18483,3
18487,3
18503,3
18505,4
18531,3
18541,4
18556,3
18568,3
18578,3
18655,3
18662,3
1869,3
187,3
18700,4
18729,3
18783,3
18822,3
18827,5
18834,3
18835,3
18849,3
18861,3
1887,3
18873,3
18885,3
18898,3
18904,3
18930,3
18944,3
18948,3
18952,3
19008,3
19012,3
19025,1
19056,3
19062,3
19063,5
19074,3
19105,3
19127,3
19130,3
19132,3
19137,3
19148,3
19160,3
19162,3
1919,3
192,6
1920,3
19210,3
19245,3
19263,3
19269,6
19284,3
19291,3
19317,3
19318,3
19323,3
19346,3
19357,4
19370,3
19377,3
19378,3
1938,3
19398,3
19402,3
19438,3
19449,3
19478,3
19492,3
19496,3
19499,3
19514,3
1953,3
19536,3
19548,5
19568,5
19589,3
19597,3
196,3
19600,3
19605,5
19668,3
19680,3
19696,3
19700,3
19709,3
19711,5
1974,3
19744,3
19747,3
19748,3
19768,3
19803,2
19837,3
19883,3
19889,3
19918,3
19957,3
19958,3
19962,3
19968,3
2001,3
20023,3
20025,3
20032,3
20039,3
20048,3
20091,3
20111,3
2012,3
20120,3
20122,3
20140,3
20155,3
20165,3
20181,3
20196,3
20208,3
20213,3
20216,4
20218,3
20229,3
20239,6
20252,3
20267,3
20285,3
20296,5
20318,3
20355,3
20365,3
20371,2
20377,3
20412,3
20430,3
20445,3
20490,3
20500,5
20507,3
20519,3
20547,3
20561,3
20567,3
2058,3
20580,3
20595,3
20616,3
2064,3
20666,3
20675,4
20684,3
20685,3
2069,3
20745,3
20821,3
20829,3
20850,3
20857,3
20865,3
20866,3
20889,3
20918,3
20941,3
20945,3
20949,3
20958,3
20972,0
20984,3
20988,3
20994,3
210,3
21006,3
21027,3
21033,3
21077,0
21097,3
21098,3
21120,3
21143,3
21177,3
21185,3
2120,5
21200,3
2122,3
21235,4
21292,3
213,3
21305,3
21316,3
21348,3
2135,3
2137,3
21376,3
21384,3
21394,3
21439,6
21441,3
21460,3
21473,3
21483,0
21501,3
2152,6
21524,3
21538,3
21574,3
2159,3
21593,3
21602,3
21605,3
21618,3
21699,3
21708,3
21750,3
21778,5
21783,3
21787,3
2182,3
21825,4
21835,3
2184,3
21846,3
21876,3
21899,3
21927,3
21942,3
21943,3
21961,4
21990,4
2204,3
22056,4
22064,4
22080,3
22097,3
22111,4
22138,2
22140,3
22150,3
22154,3
22178,0
22179,3
22191,3
22194,3
22201,0
22247,3
22289,5
22290,3
22301,5
2231,3
22340,3
22346,3
22347,3
22351,3
22380,3
22388,3
22395,3
22424,3
22459,3
22466,3
22506,5
22532,3
22545,3
22560,3
22574,3
22600,3
22604,3
22612,3
22614,3
22671,3
22679,4
22711,3
22750,3
22754,0
22763,3
22778,3
22784,3
22804,3
22805,3
2282,3
22834,3
2284,3
22863,4
2287,3
22894,3
22900,3
22910,4
2293,3
22935,3
22991,3
23028,0
2305,3
2307,3
2308,3
23096,3
23101,3
23114,3
23122,4
23170,3
23238,3
2324,3
2327,3
23293,3
23319,3
23320,5
23321,3
23334,3
23377,3
23380,3
23381,3
23419,3
23440,3
23453,3
23462,5
2350,3
23501,3
23525,3
23555,3
23559,0
23572,3
23590,3
23612,3
23621,3
23664,3
23667,3
2374,3
2377,3
23770,5
23786,4
23801,3
23813,3
23848,3
23862,3
23865,4
23866,3
23891,3
23897,3
23920,3
23933,3
23946,3
24027,3
2403,0
24054,4
24055,3
24077,0
24079,3
24099,3
2411,5
24123,3
24137,3
24148,3
24161,3
24189,5
24200,3
2421,3
24211,3
24219,3
24224,3
2424,3
24241,3
24259,6
24263,3
24286,3
24289,3
24292,3
24297,3
24299,3
24340,3
24354,3
24355,3
2436,3
24360,3
24380,3
24390,3
24391,3
24393,3
24395,3
24410,5
24465,3
24492,5
2450,3
24509,3
24521,3
24530,3
24535,3
24536,3
24570,5
24607,3
24633,3
24652,3
24656,3
24680,3
24692,3
24699,3
247,3
24718,3
2472,3
24731,2
24747,3
24764,3
24769,6
24777,3
24783,3
24823,3
2483,3
24845,3
24884,5
24906,3
24910,3
2492,3
24942,3
24946,3
25006,3
25017,3
25028,3
25037,5
25039,3
25048,5
25058,3
25123,3
25163,3
25180,3
25186,4
25199,3
25223,3
25271,3
25275,3
25287,4
25322,3
25328,3
25337,3
25342,3
25383,0
25396,3
25414,3
25420,3
25431,3
25438,5
25443,3
25454,0
25472,3
25517,3
25533,3
2554,4
2556,3
25578,3
2559,3
25602,3
25604,3
25649,3
25652,3
25658,3
25686,3
25705,3
25714,3
25719,3
25720,3
25744,3
25747,3
25759,3
25775,3
25809,3
25839,3
25887,3
25902,3
25927,3
25937,3
25949,3
25993,3
26018,3
2603,5
26032,3
26034,3
26046,3
26077,3
26098,3
26107,3
2611,3
26159,3
26160,3
26169,3
2620,3
26212,3
26224,3
2629,3
26338,3
26370,3
26397,3
2640,3
26456,3
26459,3
26468,3
26477,3
2649,3
26511,3
2655,3
26563,3
26578,0
26660,3
26665,3
26667,6
26676,3
26703,3
26720,0
26736,3
26775,3
2678,3
26819,3
26840,3
26850,2
26873,3
26888,3
26891,3
26906,3
26909,3
26913,3
26935,3
26960,3
26963,3
26967,3
26978,3
26981,3
27048,3
27051,3
27105,4
27106,3
27128,3
27140,3
27152,3
27162,3
27172,3
27187,3
27196,3
27197,3
27204,4
27212,3
27227,3
27246,3
27277,3
27294,3
2730,3
27326,3
27333,3
27334,3
27365,3
27367,3
27404,3
27407,3
27426,3
27446,3
2745,3
27452,3
27474,3
27508,3
2754,3
27554,4
27563,3
27575,3
27616,3
27619,3
27625,3
27636,3
27645,3
27647,4
27648,4
27662,3
27671,3
27675,0
27701,3
2771,3
2774,3
27779,4
27823,4
27854,3
2790,3
27928,3
27931,6
27932,3
27940,3
27944,5
27949,3
2796,3
28040,3
28046,4
2805,3
2806,0
2810,3
28105,3
28108,3
28115,3
28138,3
28140,3
2816,3
2820,3
28249,3
28256,3
28264,3
28273,3
28282,3
28367,5
28376,3
28379,3
28383,3
28415,4
28474,3
28502,3
28522,3
28529,3
2857,3
28581,3
28590,3
28594,3
28600,3
2861,3
28632,3
2867,3
28676,3
28688,3
28772,6
28797,3
28807,3
28814,3
2885,3
28871,3
28897,3
28928,3
28934,3
28938,3
28949,3
28954,3
28955,3
28962,3
28963,3
28982,3
29003,3
29019,3
29020,0
29067,3
29071,3
29074,3
29111,3
29123,3
2913,3
29185,3
29211,3
29214,5
29248,0
29258,3
29290,0
2930,3
29300,3
29329,3
29365,3
29370,3
2938,3
29398,3
29415,3
29423,4
29456,3
29460,3
29464,3
29467,3
29475,3
2948,3
29504,3
29555,3
29578,3
29589,3
29645,3
29647,3
29648,3
29649,3
2965,3
29680,3
29697,3
29699,4
29707,5
29724,3
29766,0
29769,3
29773,3
29821,3
29834,3
29844,0
2985,3
29889,3
29919,3
29979,3
29981,3
29987,3
29991,3
30,3
30006,3
30016,3
30069,3
30099,3
3010,3
30102,3
30114,3
30119,3
30127,3
30143,3
3016,3
30164,3
30188,3
30193,3
30216,3
3022,3
30221,3
3024,3
30241,3
30245,3
3029,3
30297,4
30328,3
30332,3
30337,3
30338,3
30341,3
30400,3
30407,3
30424,3
30478,3
30585,3
30646,3
30651,3
30652,3
30661,4
30675,3
30683,3
30689,3
3069,3
30704,5
30728,3
30737,3
30738,6
30749,3
3077,3
30772,0
30779,3
30793,4
30808,4
30820,3
30822,3
30823,3
30825,3
3083,3
30830,3
30835,3
30851,3
30855,3
30856,4
3086,3
30871,3
30893,6
30909,3
30948,3
30951,3
30961,3
30962,5
30965,3
30981,6
31010,4
31029,0
31043,3
31056,3
3106,3
31080,3
31101,3
31112,3
31137,3
31140,3
31141,3
31145,3
3117,3
3120,3
31209,3
31239,3
31285,3
31295,0
3131,3
31316,3
3132,3
31366,3
3138,3
31384,3
3144,3
31440,3
3146,3
31542,3
31551,3
31571,3
31572,3
3162,3
31627,3
31629,3
31659,2
31697,3
31742,3
31752,3
31806,3
31811,3
3182,3
31833,3
31853,3
31858,3
31870,3
31897,3
31908,3
31929,6
31952,3
31977,3
31987,3
32046,3
32047,3
32048,3
32051,0
3209,3
32142,3
32144,3
3215,5
32177,3
32248,3
32344,3
32354,6
32372,3
32377,3
32382,4
32388,3
32402,3
32439,3
3245,5
325,3
3250,3
32541,3
32544,3
32568,3
32570,6
32574,3
32595,3
3260,2
32607,3
32614,3
32624,2
32627,3
32684,6
32725,3
32763,3
32769,3
32773,3
3278,3
32796,3
32826,3
32835,3
32837,3
32838,3
32849,4
32913,3
32917,3
32950,3
32952,3
32953,3
32958,3
32973,3
32993,3
32997,3
32998,3
33016,3
33017,3
33024,3
33046,3
33065,3
33066,5
33071,4
33084,3
33091,3
33094,3
331,3
3313,3
33144,3
33174,3
33175,3
3318,4
33188,3
33212,3
33216,3
33228,3
33231,3
33240,3
33268,0
33283,3
333,3
33319,3
33320,4
33322,3
33326,6
33343,3
33357,3
33366,3
33375,3
33407,3
33423,3
33455,2
33460,3
33463,3
33518,3
33525,3
33530,3
33533,3
33544,4
33564,3
33610,3
33648,5
33660,3
33675,3
33690,3
33727,3
33757,3
33762,2
33802,3
33807,4
33842,3
33853,3
33874,3
33915,3
33917,3
33933,3
33938,3
33981,3
34015,3
34049,3
34057,3
34098,3
3410,3
34102,3
3411,3
34119,3
34129,3
3414,3
34170,3
34219,3
3422,3
34226,3
34234,3
34244,3
34257,3
34295,3
34302,3
3431,3
34316,3
34361,3
34375,3
34386,3
34397,3
34412,3
34435,3
34437,3
34464,3
34468,3
3447,3
34471,2
34483,3
34498,3
34510,4
3452,3
34567,3
34569,0
34585,3
34599,3
34600,3
34644,3
34645,3
34649,3
3465,3
34688,6
34720,3
34724,3
34737,3
34753,3
34756,3
34759,3
34761,3
34768,3
34772,3
34829,3
34836,3
34840,3
34841,3
34861,3
34941,5
34965,3
34969,3
34978,2
35101,3
35117,3
35142,3
35153,3
35163,3
35177,3
35199,3
35200,3
35209,3
35226,4
35291,3
35321,0
35341,5
35346,3
35364,3
35369,3
35370,3
35372,3
3538,3
3543,3
35454,3
35481,3
35497,3
35520,4
35536,3
35547,3
35552,4
35559,3
35582,3
35598,3
356,3
35603,3
35659,0
35664,3
35677,3
35685,3
35698,3
3570,3
35707,3
35721,0
35724,3
3574,2
35767,3
35771,3
35787,5
35792,3
35794,3
35804,3
35850,3
35856,3
35860,3
35869,3
3590,3
3647,4
366,3
3662,3
3663,3
370,0
3755,4
3763,3
3766,3
3772,3
3811,3
3818,3
3842,3
3875,3
3891,0
3906,3
3958,0
3959,5
3969,3
3977,2
3978,3
3982,0
4029,3
4041,3
4084,3
4090,3
4094,3
41,4
4107,3
4114,6
4133,3
4156,0
4159,3
4165,3
4169,3
4174,3
4182,3
4185,3
4226,4
4248,3
4264,3
4269,3
4284,3
4295,4
4345,6
4363,3
4366,3
440,3
4433,3
446,6
4480,3
4485,4
4492,3
4506,3
4526,3
4549,0
4558,3
4576,3
4580,6
4589,3
4606,3
4607,3
4620,3
4634,3
4640,3
4649,3
4653,6
4666,4
478,4
4786,3
4791,2
4797,6
4803,3
4814,3
4827,3
4832,3
4849,3
485,3
487,3
4910,3
4948,0
4980,3
4988,3
4996,3
5006,3
5008,3
5048,3
5062,3
5089,3
5102,3
5127,3
5154,4
5176,3
5209,3
5264,3
5269,3
527,3
5278,3
5279,3
5289,3
5293,4
5303,3
531,5
5318,3
5340,3
5356,3
5417,3
5445,3
5452,3
5468,3
5477,3
5490,3
5493,3
5523,3
553,3
5548,3
5558,5
5594,3
5618,3
5674,3
568,3
5694,3
5705,5
5714,3
5719,3
5753,3
5766,4
5783,3
5797,3
5800,3
5807,3
5812,3
5835,3
5857,3
5891,3
5904,6
5919,3
594,3
5942,3
5954,3
5968,3
5977,3
5988,3
6029,3
6045,3
6052,3
6095,3
6110,3
6123,3
613,3
6136,5
6169,3
6175,3
6183,3
62,3
620,3
6206,4
6217,3
6246,3
6272,3
628,4
629,3
6368,3
6378,3
639,5
6394,3
6403,3
6416,3
6444,3
6457,3
6473,3
6500,3
6522,3
6532,5
655,5
657,3
6577,3
659,5
6603,6
6616,0
6677,0
6686,3
6689,3
6691,3
6700,3
6703,3
674,5
6744,3
6759,3
6776,3
6784,3
6792,2
681,5
6811,3
6818,3
6865,3
690,3
6914,3
6928,6
693,4
6935,3
6977,3
6989,3
7017,3
7020,3
7026,3
7029,5
7065,3
7080,3
7100,4
7116,3
7159,3
7162,3
7191,3
7200,3
721,3
7244,3
7245,3
7292,5
7299,3
7333,3
7335,3
7366,3
7379,3
738,4
7392,3
7413,3
7425,0
7441,3
7511,4
7531,3
7532,3
7537,2
7548,3
7561,3
7590,3
7603,3
7659,0
7664,3
7672,3
7674,3
7680,3
7700,3
7702,3
7712,3
7713,3
7737,3
774,3
7753,3
7762,3
7804,3
7813,3
7815,3
7827,3
7845,3
7881,3
7892,3
7905,3
7916,2
7948,4
7975,3
7986,4
8,3
80,3
8020,4
8027,4
8034,3
8049,3
8065,3
8082,3
8086,3
8089,3
817,3
8188,3
8228,3
8268,3
8276,3
8284,3
8293,3
8301,3
8303,3
8316,3
8322,3
8331,3
8334,3
8338,3
8355,3
8424,3
8434,3
8449,3
8457,3
8473,3
8539,3
8548,3
8559,3
856,3
8649,3
8657,6
8662,3
8677,3
8682,3
8691,6
8704,3
873,3
8753,3
8756,3
8762,3
880,0
8820,3
8861,3
8864,3
8886,3
8915,3
8940,0
895,5
8960,3
897,3
898,5
8993,3
9005,3
906,3
9060,3
9070,3
9071,3
9085,3
9094,3
9147,3
915,2
9152,3
9167,3
9174,3
9180,3
9202,3
9206,3
9222,3
9246,5
9272,3
9286,3
9371,3
9392,3
9412,5
9416,3
942,3
9437,3
9442,3
9476,3
9486,3
951,3
9538,3
9542,3
9570,3
9571,3
9598,5
9599,3
9605,3
9640,3
9687,3
973,3
9774,3
9800,3
9833,5
9845,3
9865,3
9890,3
9893,3
9897,5
9901,3
9933,0
9977,3
9979,3
9984,5
10033,4
10048,3
10068,0
10117,3
10118,5
10134,4
10150,3
10247,4
10266,4
10346,0
10406,4
1045,3
10512,4
10518,4
10533,4
10535,4
10549,4
10624,4
10634,5
10653,4
10676,4
10693,4
10715,0
10741,4
10774,4
10787,4
10902,5
10906,5
10916,4
10926,5
1093,4
1094,4
1101,4
11022,3
11032,6
11034,5
11038,5
11055,4
11065,5
11098,4
11108,3
11130,5
11168,4
11180,3
112,4
11213,4
11218,4
11233,3
11251,4
1126,5
11269,4
11277,5
11278,4
11317,4
11358,2
11390,2
11395,4
1142,4
11448,3
11462,4
11491,4
11518,4
11560,5
11603,4
11654,4
11660,4
11686,4
11689,4
11725,4
11738,5
11783,4
11818,5
11823,5
11834,4
11872,4
11875,5
11889,4
1189,3
11913,4
11928,4
11977,4
12042,4
1206,0
12090,4
12096,4
12100,4
12106,4
12116,5
12117,4
12162,5
12173,4
1220,4
12202,6
12215,5
1222,4
1227,5
12272,3
12289,2
12319,4
12361,4
12363,4
12366,2
12407,4
12423,4
1248,5
12500,3
12508,4
12519,1
12569,0
12647,6
12801,4
12852,4
12869,4
12879,4
12885,3
12933,4
12976,5
1300,5
13047,5
1313,4
13161,5
13164,4
13188,4
13212,3
13237,6
13242,4
1328,5
13337,3
1336,4
1339,4
13409,4
13411,4
13424,4
13430,4
13433,5
13441,5
13467,4
13498,4
135,4
13531,5
13586,0
13603,5
13619,4
13633,5
13644,4
13653,5
13670,5
13692,5
13695,4
13800,4
13808,4
13825,6
13834,3
13843,4
13897,4
13909,4
14047,4
1407,4
1411,4
14113,4
14135,5
14154,4
14170,3
14174,4
14175,0
14187,4
14190,3
14224,3
14342,4
14352,4
14362,0
14406,4
14436,4
14481,5
14487,4
14495,6
14496,4
14513,4
14542,4
14550,5
14564,5
14641,4
14645,3
14671,5
14703,4
14717,4
14741,4
14859,4
14867,4
14929,4
1493,3
14957,4
14980,4
15007,4
15013,2
15044,4
15070,4
15102,4
15106,4
15120,4
15121,4
15132,2
15168,4
15193,4
15207,3
15210,5
15220,5
15248,4
15293,4
15333,4
15334,5
15350,4
15366,4
15387,4
15405,5
15441,4
15445,4
15459,5
15529,4
15536,4
15568,3
15570,3
15611,6
15634,4
15638,4
15651,0
15686,3
15713,4
15716,5
15717,5
1572,6
15721,0
15824,4
15847,4
15890,3
15904,0
15932,5
15963,5
16019,3
16094,5
16101,4
16143,3
16196,5
16257,5
16324,4
16329,4
16350,4
16363,5
16389,6
16419,4
16463,5
16464,0
16476,4
16478,5
16508,4
1656,4
16569,3
16570,5
16575,5
16685,4
1669,3
16696,4
16714,4
1675,4
16817,4
16823,4
1683,3
16845,4
1685,4
16860,3
1688,0
16890,4
16964,3
16969,0
16989,0
17015,4
17018,5
17028,4
17131,4
1716,4
17163,4
17212,4
17231,4
17251,2
17267,2
17273,4
17276,4
17295,5
17318,4
17345,4
17359,4
1737,4
1738,2
17417,3
17424,4
17538,0
17555,3
17563,4
17582,4
1759,4
17598,4
17695,4
17702,3
17790,4
17815,4
17837,4
1785,2
17886,4
17973,4
17980,4
18035,4
18130,0
18168,0
18181,4
1819,4
18208,0
18223,3
18281,4
18288,5
1830,5
18301,4
18312,4
18321,4
18339,4
1835,3
18388,4
18389,4
18431,4
18469,5
18497,4
18545,4
18554,5
18658,4
18687,4
18703,4
18708,4
18725,5
1874,3
18778,4
18791,4
18803,4
18825,4
18909,6
1892,4
18926,4
1897,4
18973,3
18986,5
19009,4
19131,4
19181,3
19204,4
19214,5
19234,4
19259,0
19329,0
19340,6
19373,4
19390,5
19411,4
19435,4
19495,6
19533,4
19549,3
19571,5
19581,4
19590,4
19591,4
19609,4
19615,4
19643,3
1972,4
19793,3
19797,3
19829,5
19855,5
19863,5
1988,5
19953,4
19983,4
19993,3
20008,4
20019,4
20028,4
20036,4
201,5
20150,4
20157,4
2019,3
20223,0
20257,5
20272,5
20274,4
20289,4
20360,0
20372,5
20416,4
20432,4
2044,4
20514,4
20517,4
2053,0
20549,5
20588,5
20603,6
20621,4
20665,4
20670,4
2068,4
20680,4
20737,5
20814,4
20833,5
20856,4
20875,4
20892,2
20893,0
20933,4
20948,0
21025,5
21030,5
21092,4
21104,4
21150,5
21166,4
21167,6
21199,5
21210,4
21265,2
21311,4
21314,0
2133,4
21337,4
21351,4
21377,4
21386,5
21393,4
21404,3
21451,4
21455,4
21470,4
21475,5
2149,4
21557,4
2156,5
21589,4
21638,3
21658,4
21663,3
21695,4
217,4
2172,4
21730,4
21752,4
21794,5
21812,5
21817,5
21822,4
21852,6
21862,4
21880,4
21962,4
21971,5
22023,4
22028,4
2207,4
22088,4
22091,3
22095,3
22123,4
2216,4
2223,4
22267,4
2227,4
22292,5
22325,5
22336,4
22354,5
22357,6
22403,4
22410,4
22442,4
22457,4
22482,4
22508,5
22517,4
22571,0
22576,4
22587,4
22617,4
22627,4
22655,4
22688,4
22691,4
22720,4
2273,5
22774,4
22787,4
2279,4
22820,4
22867,4
22886,4
22916,4
22924,5
22974,5
22987,5
22992,4
23012,6
2303,5
23039,4
23057,4
23103,4
23119,4
23167,5
23172,6
23186,4
23204,4
23216,3
23224,3
23244,4
23272,3
23291,3
23343,4
23348,4
23396,4
23457,4
23470,3
23487,4
23565,4
23609,4
23623,5
23634,4
23666,4
23691,4
23722,4
23725,4
23741,3
23794,6
23858,4
23869,4
23929,5
24003,2
24051,4
24065,4
24101,4
24104,4
24105,4
24156,4
24175,0
24182,4
24187,4
24232,5
2427,2
24347,4
24358,4
2443,5
24443,4
24531,3
24573,4
24575,4
2458,3
24725,4
24768,4
24774,0
24779,4
24785,4
24798,3
24815,0
24820,4
24877,4
24912,4
24931,4
24962,4
24964,5
25007,4
25018,2
25021,4
25078,4
25089,4
25099,4
2510,4
25151,4
25295,4
25318,5
2535,5
25372,3
25391,4
25401,0
25409,4
25451,4
25497,5
25507,3
25520,0
25537,4
25573,4
25593,4
25615,4
25627,3
25635,3
2564,4
25668,4
25678,4
25682,4
25685,4
25695,4
25701,5
25723,4
25743,4
25773,4
25797,4
25800,4
25810,4
25818,5
25841,5
2588,4
25895,5
25915,2
25919,4
25969,4
25978,4
25979,3
25994,4
26016,3
26023,3
26041,0
26049,4
26056,0
26067,5
26069,4
26081,2
2613,0
26134,5
26161,4
26187,5
26190,4
26192,6
26200,4
26209,4
26223,0
26227,4
26237,4
26318,4
26364,5
26411,3
26453,4
26464,4
26495,4
26539,5
26647,4
26654,4
26682,5
26715,4
26767,4
2677,4
26771,0
26833,4
26839,5
26851,0
26892,3
26901,5
26961,4
2699,4
2710,4
27115,3
27190,3
27218,0
27229,3
2727,3
27299,5
273,5
27306,4
27329,5
27405,4
27465,4
2747,4
2750,4
2753,4
27533,4
27594,0
27597,0
2761,4
27642,5
27646,3
27650,3
27683,4
27692,4
27752,5
27767,5
27864,4
2792,4
27985,4
27995,3
28005,3
28007,3
28014,3
28025,4
28084,0
28153,6
28235,5
28251,4
28269,3
28278,3
2829,4
28298,4
28359,5
28471,4
28478,4
28480,5
28493,4
28499,4
28507,6
28517,4
28531,4
28535,4
28539,5
28546,5
28549,0
28642,0
28681,4
2871,5
28723,4
28769,4
28782,3
28836,0
28842,4
28846,3
28854,2
28951,4
29009,4
2901,3
29099,2
29129,4
2914,3
29216,4
29246,4
29256,4
29311,5
29324,4
29388,4
29403,3
29428,4
29438,5
29484,6
29500,3
29505,4
29525,4
2953,4
29556,4
29559,5
2957,4
29608,4
29609,5
2962,5
29637,4
29664,5
29694,4
29758,5
2978,4
29794,4
2984,4
29840,3
29848,5
29893,4
29916,4
29921,5
29944,4
2995,2
2998,4
30053,5
30121,5
30167,0
30197,0
30220,5
30345,4
30346,5
30371,5
30374,4
30422,4
3050,4
3051,4
30530,5
30543,5
30546,5
30581,4
30713,4
30786,2
30850,4
30976,4
31057,3
31123,4
31132,4
31139,4
3115,5
31164,4
31189,4
3123,4
31240,4
31257,4
31263,4
31307,0
31332,5
31347,4
31371,4
31373,4
31478,4
31483,0
31486,0
31546,0
31561,4
31591,4
31713,4
3174,4
31774,4
31820,3
31869,5
3191,4
31949,4
31997,5
3204,4
32071,4
32081,4
3221,4
32216,5
32321,4
32330,0
32355,3
32360,4
32371,5
32391,4
32443,4
32445,4
32467,4
3247,5
32479,4
32508,4
32516,5
32547,4
32587,0
32605,4
32636,3
32671,0
32683,3
32730,4
3276,3
32778,5
32782,0
32792,4
32817,4
32855,0
32870,4
32905,5
32914,4
32935,3
32939,5
32965,4
32972,6
32978,5
33005,3
33013,4
33022,4
33031,3
33049,4
33052,4
33100,4
33124,5
33159,4
33182,4
33219,5
33243,0
33255,4
33317,4
33346,3
33381,4
33399,5
33452,4
33468,4
33471,4
33514,5
33526,4
33609,5
33642,3
33699,4
33710,4
3375,4
33785,3
33794,4
33813,5
33819,4
33856,4
33858,4
33863,4
33865,4
33870,4
33880,4
33894,5
3395,0
33965,4
33999,3
34037,4
3404,4
34059,4
34088,5
34093,4
34131,5
34161,4
34269,3
34272,4
34279,4
34308,3
34324,4
34335,4
34513,5
34526,4
34530,4
34539,4
34555,4
34598,5
34612,4
34673,4
34685,4
34854,4
34870,4
34875,4
34920,5
34979,4
3502,2
35034,5
35075,4
35108,4
35129,4
35183,3
35216,3
35229,4
35241,4
35255,4
35267,4
35332,4
3535,0
35356,3
3537,4
35400,4
35408,4
35484,4
35546,4
35576,4
35628,5
35657,5
3566,4
35704,4
3575,4
35754,4
35755,4
35764,3
35775,4
35802,0
35852,4
3600,4
3610,4
3700,4
3729,4
3792,4
3795,3
3899,4
3909,4
3929,4
3932,0
3953,4
3986,4
405,4
4062,4
4124,4
4137,4
4194,5
4223,5
4242,6
4314,6
4328,4
4339,4
4372,4
4380,4
4394,3
44,4
4443,4
4449,4
449,4
4552,4
4553,3
4563,4
4573,5
4574,0
4672,5
4748,4
4752,2
4770,4
4777,5
4802,4
4825,3
4829,4
4868,4
4870,6
4883,4
4888,0
4935,3
4953,4
4998,4
5046,4
5053,4
5073,4
508,6
5087,4
5110,3
5116,3
5170,4
5186,0
5258,4
5267,3
5323,4
5345,4
5361,5
5385,5
541,4
542,4
5444,3
5446,0
5449,4
547,4
551,5
5527,5
5536,4
5549,4
5561,4
5591,4
5651,5
5687,4
5695,4
5708,4
5713,3
5715,4
5724,4
5748,5
5749,4
5784,4
5792,4
5811,4
5831,2
584,3
5853,5
5865,4
5912,5
5931,5
5953,5
596,4
5976,5
5984,4
60,4
601,5
6078,4
6103,4
615,5
6158,4
6180,4
6193,5
6236,4
6343,4
6351,4
6388,4
6397,5
6412,5
644,4
649,4
6502,4
651,4
6527,4
6599,4
662,4
6664,4
6710,5
673,4
6813,4
6836,5
6842,4
6869,6
6891,4
6934,5
7008,4
7009,4
7077,4
7092,5
7110,4
7131,4
7198,4
7220,4
7239,4
7254,4
7273,4
7274,5
7348,4
7361,5
7376,4
7398,4
7462,2
7466,4
7490,5
7551,4
7571,4
7588,0
7599,4
7630,4
766,5
767,4
7717,5
7755,4
7765,4
7772,4
7773,4
7788,5
7823,5
7831,4
7871,3
7903,4
7932,4
7953,0
8003,3
8054,4
8076,4
8083,4
8105,4
8141,4
8179,3
8211,4
8216,0
8233,4
8247,4
8262,4
8264,5
8280,4
8295,4
8347,5
8352,5
8373,4
838,4
8389,4
8392,5
841,4
8410,3
8471,5
8483,4
8498,4
8516,4
8536,4
855,5
8599,4
8687,4
8694,4
8724,4
8763,4
8768,3
8782,5
8788,5
8802,2
8842,5
8862,4
8863,5
8868,3
8880,3
891,5
8919,4
8946,4
8976,4
8980,4
9011,4
9016,4
9046,4
9050,5
9069,4
9099,4
9128,4
913,0
9149,4
917,3
9170,4
9209,2
9221,4
9235,4
9252,4
9273,3
9276,4
9288,4
9292,4
9324,4
9335,4
9355,4
9356,4
9360,4
9381,4
9415,4
9420,4
9434,4
9453,4
9473,5
9477,4
9507,4
9543,4
9611,4
9701,3
9712,4
9718,5
9773,4
9803,5
9838,3
9867,4
9874,4
9936,4
9975,3
9982,3
9993,4
10004,0
1003,5
10031,5
10073,5
10114,2
10116,5
10171,4
10172,5
10176,3
1022,5
10252,5
1026,5
10339,5
10352,5
10375,3
10383,5
10386,3
10423,5
10425,4
10455,5
10561,5
10607,5
10620,5
10655,6
10686,4
10694,2
10713,3
10769,3
1078,5
10871,4
10881,4
10919,5
11025,5
11026,5
11031,5
11100,4
11138,2
11140,5
11163,2
11192,5
11209,5
11234,5
11241,5
11264,5
11280,5
11284,5
11295,6
11316,4
11346,5
11398,5
1148,5
115,5
11523,5
1156,6
11581,5
11582,5
11601,5
11626,5
11640,3
11662,4
11722,5
1173,5
11746,5
11790,5
11794,5
11836,5
11867,4
11876,5
11880,4
11891,0
11909,0
11966,5
11978,5
1198,0
12040,5
12074,5
12092,0
12113,4
12119,5
12190,5
12246,4
12267,3
12318,6
12364,5
12498,3
12512,5
12524,5
12547,5
12591,5
12594,4
12621,5
1264,4
12648,5
12659,4
12661,5
12702,6
12758,5
12791,4
12818,5
12827,5
12899,5
12958,4
1298,4
13000,5
13027,5
13051,4
13091,5
13150,3
13162,5
13180,5
13187,5
13293,5
13296,5
13339,5
13380,4
13421,4
13483,2
13488,5
13505,3
13510,5
1353,5
13562,4
13575,5
13598,0
13631,4
1364,3
13666,5
13714,2
13726,5
13793,5
13801,0
13812,4
13852,0
13870,5
13888,5
13907,5
13940,5
13979,5
13983,4
14048,5
14070,4
14106,4
14122,6
14127,4
14136,5
1420,5
14208,4
14226,5
14250,5
14346,5
14384,5
14388,5
14459,2
14464,0
14472,3
14474,5
14484,4
14494,4
14505,5
14522,5
14524,0
14561,3
14572,4
14574,5
14578,5
14682,5
14696,5
14729,5
1482,4
14835,5
14836,0
15052,4
15078,5
15090,5
15129,4
15145,4
15167,2
15169,5
15192,0
15208,4
15289,4
15294,5
1536,3
15365,2
15373,5
15436,5
15447,4
15462,4
15468,4
15484,5
1549,4
15534,5
15535,5
15565,5
15580,4
15592,3
1560,4
15613,5
15642,2
15657,5
15696,3
15697,5
15795,4
15867,5
15909,2
15929,5
16003,5
16010,5
16053,5
16056,3
16075,5
16087,4
16125,5
16151,4
16208,5
16304,4
16338,5
16387,4
16388,5
16405,2
16443,3
1645,5
16475,5
16535,5
16558,5
16645,0
16706,5
16710,5
16776,0
1678,4
16787,4
16798,5
16821,5
16837,4
16839,1
16863,4
16895,5
16938,5
16962,4
16985,5
17003,5
17011,5
17100,4
17128,5
172,5
17206,0
17215,0
17237,5
17248,3
17257,2
17275,5
17279,5
17293,5
17297,0
17331,3
17341,4
17363,5
17426,5
17432,3
1751,4
17518,5
17597,4
17607,4
17625,5
17662,4
17666,4
17678,5
17713,5
17717,6
1772,4
17730,0
17746,5
17763,5
17767,5
17775,5
1778,0
17784,5
17794,5
17887,5
17912,5
18047,5
18067,5
18101,1
18120,2
18180,4
18193,5
18260,3
18270,2
18300,5
18345,5
18349,0
18361,4
18367,5
18381,5
18457,5
18475,5
1854,5
18550,5
18573,4
18610,5
18732,5
18734,5
18842,4
18855,5
18872,3
18888,4
18897,0
1891,5
18914,0
18927,5
1896,4
18962,0
19029,5
19049,4
19082,2
19084,5
19095,5
19145,4
19165,4
19179,4
1926,5
19274,4
19285,5
19303,3
1931,5
19364,4
1937,4
19384,2
19422,5
19461,5
19470,4
19486,5
19531,5
19535,5
19578,4
19607,5
19663,5
19674,5
1973,5
19731,4
19785,5
19799,5
19861,5
19864,4
19880,5
19893,5
19934,4
19969,4
19973,5
19975,0
20,4
20072,5
20073,5
20104,5
20171,5
20192,5
20193,4
20217,3
20301,4
20313,5
2039,5
20395,5
20400,2
20468,5
20469,0
20511,0
20560,5
20563,0
20589,4
20650,5
20656,5
20667,2
20750,5
2084,5
20908,4
2091,2
20964,4
20979,3
21005,5
21029,2
21036,0
21078,5
21082,5
21201,4
21221,0
21249,5
21275,3
21282,4
21312,4
21324,5
21428,5
21434,2
21531,5
21535,5
21549,4
2157,5
21632,5
21666,5
21681,5
21715,0
21720,5
2176,5
21766,5
21769,6
21968,4
21978,3
21988,5
22004,5
22032,3
22051,4
22067,2
22117,5
22241,2
22255,5
22271,3
22319,4
22335,0
2238,5
2239,5
22390,5
22416,5
22419,5
22448,0
22449,5
22452,5
22521,5
2256,0
22602,4
22619,3
22631,4
22651,4
22690,4
22704,4
22761,3
22765,4
22766,4
2278,5
22808,0
22816,4
22937,4
22961,5
22977,5
22989,5
23054,0
23060,5
231,5
2312,3
23220,5
23297,5
23304,5
23341,0
23374,3
23407,0
23430,3
23452,5
23471,0
23483,4
23507,5
23542,3
23549,5
23562,4
23584,3
23601,0
23654,5
23658,5
2367,4
23675,5
23700,0
23715,5
23748,5
23760,5
23764,4
23779,0
23781,5
23792,5
23817,2
23829,5
23832,4
23853,5
23884,0
23901,5
23905,5
23915,3
23945,2
23948,5
23965,5
23968,5
23978,5
23991,5
24013,5
24057,3
24066,5
24087,5
2412,3
24133,2
24160,5
24168,5
24173,5
2418,4
24183,5
24217,2
24239,0
24247,5
2431,5
24329,4
24363,5
24384,4
24420,5
24421,2
24460,3
24473,5
2451,5
24543,0
24545,5
24582,5
24643,5
24664,5
24736,5
2476,5
2478,5
2485,5
24881,5
24909,0
24916,5
2496,4
2499,4
2502,5
25025,0
25055,3
25087,4
25117,5
25126,0
25211,4
25231,6
25240,2
25250,5
25281,5
2530,5
2533,2
25330,4
25348,5
25351,0
25356,2
25379,5
25381,5
2539,3
25410,5
25412,0
25425,0
2546,5
25510,5
25529,2
25576,5
25582,5
25597,4
25632,4
25643,5
2565,0
25819,5
25832,5
25843,5
25920,5
25961,2
25983,2
25985,2
26005,0
26006,5
26040,4
26079,5
2615,5
26198,5
26249,4
26269,0
26270,5
26292,0
26304,4
26313,5
26321,5
2633,5
26339,3
26346,3
2635,5
26355,4
26368,5
26378,2
26398,5
26404,5
26443,5
26484,4
26501,5
26543,3
26566,0
26573,5
26581,5
26586,5
26600,5
26612,0
26670,3
26675,5
26683,5
26702,5
26747,4
26772,5
26834,4
2690,2
26959,5
26970,5
27005,4
27027,5
27035,2
27052,4
27117,4
27124,4
27258,5
27292,5
27305,5
27350,2
27400,5
27410,5
27450,4
27461,5
27471,4
2748,5
2751,2
27518,2
27522,5
27561,4
27562,4
27576,5
27585,5
27588,2
27629,2
27681,0
27694,4
27719,4
27759,4
27776,5
27788,4
27810,4
2785,0
27873,5
2788,4
27887,2
27913,5
27948,2
27993,5
28053,5
28073,5
28091,5
28100,0
28137,0
28143,5
28171,5
28230,4
28252,5
28272,5
28294,5
28296,5
28396,3
28424,5
28426,3
28465,2
28552,5
28555,3
28568,5
28596,4
28696,5
28700,5
28794,5
28895,5
28966,5
2902,5
29058,5
29082,5
29112,3
29121,4
29150,0
29194,2
29226,5
29243,0
29295,5
29298,2
29305,5
29318,5
29322,2
2934,3
29379,3
29383,4
2945,4
2950,5
29529,5
29553,5
29561,5
29580,3
29585,5
29617,5
29622,0
29627,5
29628,4
29632,4
29652,5
29692,4
29703,5
29756,5
29757,5
29792,6
29819,0
29835,3
29875,0
29897,5
29936,5
29937,5
29941,4
29970,4
29973,5
29998,5
30001,5
30035,5
30045,2
30056,5
3007,4
30080,5
30094,5
30104,5
30118,3
3012,5
30144,4
30170,4
30181,5
30219,1
30251,5
30274,5
30289,2
30292,5
30326,5
30331,5
30358,5
30377,5
30410,5
30439,5
30440,4
30462,5
30541,4
30552,0
3056,0
30565,4
3059,5
30611,5
3075,5
30763,4
30789,5
30817,5
30818,5
30853,5
30867,5
3088,0
3094,4
31009,5
31068,6
31072,3
31099,0
31104,4
31113,5
31149,5
3118,5
312,5
31248,5
31265,5
31328,5
31367,5
3139,4
31390,3
31409,5
31424,3
31506,5
31510,6
31527,3
31534,4
31634,5
31643,5
31653,5
31663,5
31665,4
31669,6
3169,4
31712,6
31720,5
31836,5
31857,3
3187,5
32005,5
32029,6
3206,3
32139,4
32175,5
32183,5
32189,5
32202,5
32268,4
32296,0
32297,4
3235,0
32383,4
32394,5
32422,2
32565,4
32580,5
32582,4
32613,5
3263,5
32711,0
32744,5
32768,5
32814,5
32818,1
32836,5
32843,0
32859,3
32861,4
32898,3
32903,5
32911,2
32932,5
32982,5
33089,5
33152,4
33213,3
33227,2
33247,0
33276,0
33295,0
33302,3
33331,3
33371,5
33373,5
33421,5
33492,5
33516,5
33523,5
33538,5
33628,5
33636,0
33640,5
33686,5
33691,4
33693,5
33736,5
33747,2
3378,5
33780,5
33786,4
3382,5
33820,5
33936,4
33962,5
33988,5
3403,5
34070,2
34121,5
34176,5
34195,5
34205,4
34242,5
34250,5
3433,0
34387,4
34408,5
34413,4
34427,0
34477,0
34509,4
34533,4
34605,4
34610,4
34629,2
34633,0
34679,5
34694,5
3477,4
34788,5
34798,2
34799,3
34820,5
34827,4
34905,2
34913,5
34917,4
3492,5
34945,2
34985,4
34988,5
34991,0
350,5
35030,4
35039,4
35043,5
35058,3
3506,5
3508,5
35116,5
35131,5
35148,2
3518,5
35192,5
35214,3
35297,4
35318,5
35375,5
35386,5
35411,4
3546,4
35528,4
35567,6
35605,4
35615,5
35639,4
35691,5
35737,3
35768,2
35812,5
35873,2
359,5
3634,5
3653,5
3661,3
3731,0
3767,5
3825,4
3855,4
3869,4
3922,5
3951,5
3972,0
3988,5
4130,5
4207,0
422,5
4233,5
4274,5
4381,2
4389,4
4412,4
4415,5
4441,0
4482,2
4534,4
4572,5
4594,4
4596,5
4615,5
4624,4
4697,5
4714,2
4734,4
4736,6
4764,5
4771,5
4811,5
4860,5
4940,5
4951,0
4958,3
4987,4
5004,5
505,5
5055,3
5056,5
5058,3
5061,2
5100,4
5101,5
5107,3
5147,5
5166,0
5177,5
5224,5
5229,5
5374,5
5435,4
5466,0
5560,4
5629,4
5642,4
5689,5
5710,5
580,5
5836,4
5910,5
5995,5
6025,5
6033,5
6109,5
6137,5
6149,5
6187,2
6215,5
6265,3
6304,5
6312,5
6353,5
6400,5
6449,5
6459,0
6467,5
6492,0
6521,0
6529,1
6551,4
6557,4
6563,5
6645,5
6660,5
6720,4
6735,5
6771,5
680,5
6833,5
6860,5
688,5
6897,5
6901,4
6904,2
6915,2
6930,2
6957,0
6960,5
6964,5
70,5
7030,3
7037,5
7039,5
7119,2
7121,5
7165,5
7232,5
7253,5
7268,5
7275,3
7287,5
7301,3
7337,5
7371,4
7400,5
7406,0
7430,5
7475,4
7502,2
7536,3
7566,5
7569,4
761,5
7618,5
7623,0
7675,5
7679,5
7724,3
7776,6
7806,5
7848,5
7877,2
7878,4
7943,5
7962,5
7963,5
7976,5
798,0
800,5
8039,5
8056,5
8098,0
8099,4
8102,4
8146,5
8164,5
8197,5
8203,4
822,2
8223,5
8238,5
8252,5
8266,1
8333,5
8390,4
8430,5
8525,0
8580,0
8614,2
8639,5
8659,5
8702,4
8718,6
8738,2
8761,5
8814,3
8834,4
8851,3
8876,5
8892,0
8925,4
8953,5
8955,2
8958,5
9006,4
9028,5
9066,5
9073,5
9082,5
9087,5
9119,4
9142,5
9171,5
9219,5
922,3
9238,3
9267,4
9327,0
9338,0
9387,5
9405,5
9454,5
9457,4
9459,3
9463,2
9465,4
9498,3
9508,2
9548,3
9689,5
9693,0
9713,0
9769,5
977,5
98,0
9841,5
9864,5
987,5
9885,5
9889,4
9923,5
10056,6
10097,4
10162,6
10185,6
10246,5
10259,6
10268,3
10306,6
1033,6
10365,6
10372,6
10444,6
10545,6
10625,6
10701,6
10734,6
10755,5
10768,6
10800,6
10813,4
10820,6
10837,6
10866,6
10909,6
10931,6
10950,6
11000,2
11043,4
1107,4
11126,2
11139,6
1118,6
11302,6
11414,6
11418,6
11429,5
11451,6
11466,6
11589,3
11670,6
11721,6
1176,6
11786,6
11848,6
11865,0
11902,6
12086,2
12107,6
12131,6
12134,6
12312,6
12320,3
12338,6
1239,6
12463,6
12470,6
1249,6
12504,6
12529,2
12551,6
12567,3
12626,6
12684,3
12723,6
12748,6
12768,6
12903,3
12924,3
12960,6
12973,3
13009,6
13080,6
13101,6
13145,6
13169,4
13203,2
13205,6
13230,6
13288,6
13460,6
13521,6
13622,2
13684,6
13740,6
1376,6
13837,6
13876,6
14080,6
14091,1
14115,6
14305,6
14331,6
14375,6
1449,6
1457,6
14647,6
14691,6
14697,6
14798,6
14914,2
14927,3
14968,6
15008,6
15034,6
15037,3
15047,6
15101,6
1515,4
15179,6
15238,6
15244,6
15263,6
15354,6
15378,6
15383,6
15416,3
15454,6
15467,6
15486,6
15487,6
15518,3
15524,6
15527,6
15533,6
15628,6
15635,3
15788,4
15802,3
1583,3
15922,6
15944,6
16110,6
16133,6
16172,6
16229,6
16237,6
16280,6
16396,6
16415,0
16441,6
16507,6
16530,6
16646,0
16666,2
16721,6
16756,3
16774,5
16829,6
16886,2
16901,4
16947,6
16959,6
16980,6
16995,6
17016,6
17019,4
17027,6
17044,4
1710,6
17137,6
17148,6
17157,0
17161,3
17177,6
17205,6
17245,3
17290,6
17309,6
1735,6
17350,2
17422,2
17429,4
17433,1
1750,2
176,6
17610,6
1764,6
17693,6
17845,6
17906,0
17919,6
17952,6
1800,6
18026,6
18038,6
18132,6
18198,6
18285,6
18313,6
18393,6
18436,6
18521,6
18555,6
18577,6
18613,6
18615,4
18619,6
18631,6
1864,6
18678,6
18706,6
18742,6
18862,6
18864,6
19051,6
1911,6
1914,6
19142,3
19177,6
19187,6
19267,6
19314,6
19362,6
19389,4
19431,6
1945,6
1952,6
19594,6
19601,6
19650,6
19665,6
19720,3
19755,6
19795,6
1992,6
19972,6
20041,6
20146,6
20148,6
20162,6
20167,6
20262,6
20293,6
20369,6
20373,6
20387,6
20407,6
20467,6
20573,0
20584,6
20594,4
20664,4
20691,6
20786,6
20855,6
20882,6
2090,6
20935,6
20947,3
20967,6
20989,6
21044,6
21072,6
21074,6
2114,6
21148,6
21151,2
21153,2
21154,6
2119,6
21217,6
21233,3
21239,6
21299,6
21417,6
2146,5
21461,6
21468,6
21545,6
21570,6
21578,6
21587,6
2168,6
2173,6
21807,6
21824,6
21834,6
21887,4
21896,2
21906,2
2195,6
21973,6
21987,6
2200,6
22019,4
22025,6
22128,6
22131,6
22278,6
2228,6
22305,6
22322,6
2234,6
22372,6
22497,6
22509,1
22525,6
22666,6
22741,5
22771,6
22864,5
22921,6
23053,6
23151,2
23155,6
23328,6
23346,5
23386,6
23413,3
23433,4
23661,6
23662,6
23739,6
23747,6
23751,6
23885,6
23893,4
23917,3
23941,6
23943,4
23949,6
24022,4
24031,6
24046,6
24050,6
24143,6
24163,6
24167,6
24174,6
24179,6
24201,3
24291,0
24404,2
24411,6
24415,6
24432,6
24433,6
2448,6
24557,6
2461,6
24646,0
24668,6
24756,3
24893,2
24904,3
24921,6
25010,6
25036,6
25044,6
25107,6
25143,6
25188,6
25229,5
25234,2
25280,6
2529,6
25319,6
25390,6
25397,6
25402,6
25416,6
25492,4
25539,6
25563,6
25571,6
256,6
25610,6
25636,4
25674,6
25687,6
25709,6
25742,6
25781,6
25808,6
25906,3
25959,6
26076,6
26087,4
26101,6
26102,6
26133,6
2619,6
26243,6
2634,3
26452,6
26455,6
26483,6
26487,6
26500,5
26556,6
26626,3
26708,6
26800,3
26825,6
26907,6
26910,6
26914,2
26944,6
27025,4
27039,6
27070,5
27125,6
27165,6
27174,6
27193,6
27240,6
27270,6
27273,6
27321,6
27325,6
27328,6
2744,2
27566,6
27577,6
2758,6
27586,6
2759,6
276,6
27696,6
27737,4
27756,3
27774,6
27803,6
27916,6
27919,5
27926,6
27933,6
27973,6
27979,6
2803,0
28076,6
28082,6
28130,6
28182,6
28219,4
28236,5
28287,6
28328,6
28335,6
28342,2
2835,6
2837,6
28370,2
28421,6
28441,6
28448,6
28476,6
28482,6
28501,6
28525,6
28639,6
28653,6
28666,6
28667,6
28727,6
28803,0
2886,5
28864,6
28901,6
29038,4
29110,6
29118,6
29164,6
29205,6
29225,6
29276,6
29283,2
29354,5
2949,3
29515,6
29516,2
29537,6
29540,6
29542,3
29551,6
29557,4
2956,6
29568,6
29618,6
29619,6
29677,3
29690,6
29796,6
29797,6
29803,0
29884,5
29954,3
3002,6
30173,2
30174,6
30184,6
30190,6
30336,6
30537,6
30620,6
30625,6
30628,6
30714,6
30726,6
30811,6
3084,3
30943,6
30989,6
31005,6
31054,6
31097,6
31102,6
31194,6
31198,6
31206,6
31223,6
31353,6
31364,6
31533,6
31563,6
3157,6
31631,3
31662,6
31775,6
31781,6
31784,6
31799,6
31814,6
31826,6
31872,6
31882,6
31899,6
31953,2
31961,6
32069,6
32132,6
32165,2
32179,6
3223,6
3224,2
32243,6
32308,3
32315,6
32324,6
32334,6
32365,6
32395,6
32405,6
32420,6
32432,6
32510,6
32530,6
32630,6
32695,5
32727,6
32734,6
32753,6
32756,6
32894,6
32968,2
32979,6
330,6
33039,6
33055,6
33072,6
33079,6
33147,6
33180,6
33290,6
33316,6
33329,6
33364,6
33376,0
33378,6
33405,4
33411,6
3354,6
336,6
33667,6
33677,2
33745,6
33759,6
33789,6
33800,4
33879,6
3392,6
33993,6
33997,6
34004,0
34034,6
34039,6
34072,6
34087,3
34134,0
34162,6
34212,3
3423,6
34237,6
34252,6
34288,2
34385,6
34400,6
34416,3
34439,6
3445,6
34546,6
34557,6
34664,6
34674,6
34722,6
34787,2
34813,6
34844,6
34904,6
34926,6
34984,6
34986,6
35049,6
35063,6
35083,6
35084,4
35118,6
35121,6
35144,6
35154,6
35156,0
35194,6
35201,6
35212,6
35237,6
35276,6
35355,2
35384,6
35387,6
35399,4
35511,6
35524,6
35530,6
35608,4
35644,3
35684,6
35688,6
35757,2
35790,6
35823,6
35833,6
35857,6
35872,4
3603,6
3607,2
3635,6
3675,6
3691,6
3756,2
3765,6
3858,6
3874,3
3878,6
3925,6
4036,6
4072,2
4076,6
4080,4
4086,6
413,6
4199,6
4243,6
4289,3
4347,6
435,6
4352,5
438,6
4390,6
4431,6
4486,3
4513,6
4536,6
4570,3
4621,6
4636,6
4657,3
4685,6
4698,6
4793,4
4895,6
4912,2
5037,6
5077,6
51,4
5138,6
5178,6
518,6
5310,6
5375,6
5419,2
5450,6
5513,6
5530,6
5595,6
5636,6
5664,6
5706,6
5771,6
5778,5
5855,2
5893,6
5938,3
5943,6
5997,6
6046,6
6050,6
6167,6
6184,6
6216,6
6219,6
6247,6
6309,6
6360,6
6410,6
6415,6
6425,6
6427,6
647,4
6518,6
6598,6
6647,6
670,6
6711,6
6716,6
675,6
6797,6
6877,3
692,6
6966,6
7024,6
7032,6
7153,6
7203,6
7211,6
726,5
7459,6
7512,6
7562,6
7582,6
759,6
7626,6
7761,6
7774,5
78,6
783,6
7865,6
7874,6
788,3
7926,6
7957,3
8016,6
8021,6
8042,6
8063,6
8115,6
8137,6
8143,6
8173,6
8240,3
8309,3
8329,6
8404,6
8421,6
843,6
8439,6
8478,3
8489,6
867,2
8736,6
8837,2
8928,6
8973,6
9017,6
9021,0
9118,6
9141,6
9162,6
9309,6
9367,6
9380,6
9450,6
9467,5
947,6
9499,3
9541,6
9546,6
9560,6
9630,6
9644,6
9681,6
9776,3
9786,3
9806,6
9830,3
9853,6
9878,3
993,6
